<?xml version="1.0" encoding="UTF-8"?>
<project-private xmlns="http://www.netbeans.org/ns/project-private/1">
    <editor-bookmarks xmlns="http://www.netbeans.org/ns/editor-bookmarks/2" lastBookmarkId="0"/>
    <open-files xmlns="http://www.netbeans.org/ns/projectui-open-files/2">
        <group>
            <file>file:/C:/Users/Admin/Documents/NetBeansProjects/ASM/src/view/XuatNhap.java</file>
            <file>file:/C:/Users/Admin/Documents/NetBeansProjects/ASM/src/view/FrameCapNhapProduct.java</file>
            <file>file:/C:/Users/Admin/Documents/NetBeansProjects/ASM/src/repository/ProductRepository.java</file>
            <file>file:/C:/Users/Admin/Documents/NetBeansProjects/ASM/src/repository/CategoryRepository.java</file>
            <file>file:/C:/Users/Admin/Documents/NetBeansProjects/ASM/src/view/DieuChinhGiaFrame.java</file>
        </group>
    </open-files>
</project-private>
